 ,Label,Area,Mean,IntDen,RawIntDen
1,A-slice:mNC:c:1/3 z:4/6 - 20210121_BRE;H2Bd2EGFP_Pax7;RFP;d2EGFP_Emb5_10,18785.567,87.633,1646239.423,31947824.000
2,A-slice:0001-0565:c:1/3 z:4/6 - 20210121_BRE;H2Bd2EGFP_Pax7;RFP;d2EGFP_Emb5_10,18.550,352.389,6536.969,126860.000
3,A-slice:0002-0566:c:1/3 z:4/6 - 20210121_BRE;H2Bd2EGFP_Pax7;RFP;d2EGFP_Emb5_10,13.037,219.893,2866.713,55633.000
4,A-slice:0003-0572:c:1/3 z:4/6 - 20210121_BRE;H2Bd2EGFP_Pax7;RFP;d2EGFP_Emb5_10,27.516,264.144,7268.320,141053.000
5,A-slice:0004-0585:c:1/3 z:4/6 - 20210121_BRE;H2Bd2EGFP_Pax7;RFP;d2EGFP_Emb5_10,36.225,480.630,17410.773,337883.000
6,A-slice:0005-0591:c:1/3 z:4/6 - 20210121_BRE;H2Bd2EGFP_Pax7;RFP;d2EGFP_Emb5_10,27.001,274.374,7408.427,143772.000
7,A-slice:0006-0592:c:1/3 z:4/6 - 20210121_BRE;H2Bd2EGFP_Pax7;RFP;d2EGFP_Emb5_10,49.622,433.133,21493.107,417107.000
8,A-slice:0007-0604:c:1/3 z:4/6 - 20210121_BRE;H2Bd2EGFP_Pax7;RFP;d2EGFP_Emb5_10,69.822,339.858,23729.465,460507.000
9,A-slice:0008-0594:c:1/3 z:4/6 - 20210121_BRE;H2Bd2EGFP_Pax7;RFP;d2EGFP_Emb5_10,12.676,260.675,3304.349,64126.000
10,A-slice:0009-0610:c:1/3 z:4/6 - 20210121_BRE;H2Bd2EGFP_Pax7;RFP;d2EGFP_Emb5_10,27.413,442.256,12123.743,235280.000
11,A-slice:0010-0627:c:1/3 z:4/6 - 20210121_BRE;H2Bd2EGFP_Pax7;RFP;d2EGFP_Emb5_10,47.458,412.254,19564.840,379686.000
12,A-slice:0011-0628:c:1/3 z:4/6 - 20210121_BRE;H2Bd2EGFP_Pax7;RFP;d2EGFP_Emb5_10,29.165,517.647,15097.379,292988.000
13,A-slice:0012-0635:c:1/3 z:4/6 - 20210121_BRE;H2Bd2EGFP_Pax7;RFP;d2EGFP_Emb5_10,49.983,372.790,18633.196,361606.000
14,A-slice:0013-0631:c:1/3 z:4/6 - 20210121_BRE;H2Bd2EGFP_Pax7;RFP;d2EGFP_Emb5_10,14.119,170.212,2403.210,46638.000
15,A-slice:0014-0632:c:1/3 z:4/6 - 20210121_BRE;H2Bd2EGFP_Pax7;RFP;d2EGFP_Emb5_10,21.951,473.707,10398.501,201799.000
16,A-slice:0015-0630:c:1/3 z:4/6 - 20210121_BRE;H2Bd2EGFP_Pax7;RFP;d2EGFP_Emb5_10,13.758,309.888,4263.509,82740.000
17,A-slice:0016-0640:c:1/3 z:4/6 - 20210121_BRE;H2Bd2EGFP_Pax7;RFP;d2EGFP_Emb5_10,24.116,262.327,6326.164,122769.000
18,A-slice:0017-0641:c:1/3 z:4/6 - 20210121_BRE;H2Bd2EGFP_Pax7;RFP;d2EGFP_Emb5_10,20.045,332.442,6663.730,129320.000
19,A-slice:0018-0653:c:1/3 z:4/6 - 20210121_BRE;H2Bd2EGFP_Pax7;RFP;d2EGFP_Emb5_10,19.323,315.483,6096.190,118306.000
20,A-slice:0019-0658:c:1/3 z:4/6 - 20210121_BRE;H2Bd2EGFP_Pax7;RFP;d2EGFP_Emb5_10,37.616,589.512,22175.196,430344.000
21,A-slice:0020-0670:c:1/3 z:4/6 - 20210121_BRE;H2Bd2EGFP_Pax7;RFP;d2EGFP_Emb5_10,37.874,472.838,17908.183,347536.000
22,A-slice:0021-0667:c:1/3 z:4/6 - 20210121_BRE;H2Bd2EGFP_Pax7;RFP;d2EGFP_Emb5_10,26.744,542.412,14506.032,281512.000
23,A-slice:0022-0676:c:1/3 z:4/6 - 20210121_BRE;H2Bd2EGFP_Pax7;RFP;d2EGFP_Emb5_10,25.558,360.885,9223.639,178999.000
24,A-slice:0023-0689:c:1/3 z:4/6 - 20210121_BRE;H2Bd2EGFP_Pax7;RFP;d2EGFP_Emb5_10,30.866,290.482,8965.994,173999.000
25,A-slice:0024-0696:c:1/3 z:4/6 - 20210121_BRE;H2Bd2EGFP_Pax7;RFP;d2EGFP_Emb5_10,20.509,226.538,4645.958,90162.000
26,A-slice:0025-0695:c:1/3 z:4/6 - 20210121_BRE;H2Bd2EGFP_Pax7;RFP;d2EGFP_Emb5_10,14.943,409.186,6114.637,118664.000
27,A-slice:0026-0701:c:1/3 z:4/6 - 20210121_BRE;H2Bd2EGFP_Pax7;RFP;d2EGFP_Emb5_10,20.715,281.555,5832.310,113185.000
28,A-slice:0027-0710:c:1/3 z:4/6 - 20210121_BRE;H2Bd2EGFP_Pax7;RFP;d2EGFP_Emb5_10,17.005,207.930,3535.765,68617.000
29,A-slice:0028-0717:c:1/3 z:4/6 - 20210121_BRE;H2Bd2EGFP_Pax7;RFP;d2EGFP_Emb5_10,25.816,357.794,9236.831,179255.000
30,A-slice:0029-0721:c:1/3 z:4/6 - 20210121_BRE;H2Bd2EGFP_Pax7;RFP;d2EGFP_Emb5_10,29.784,540.896,16109.924,312638.000
31,A-slice:0030-0718:c:1/3 z:4/6 - 20210121_BRE;H2Bd2EGFP_Pax7;RFP;d2EGFP_Emb5_10,13.604,271.602,3694.784,71703.000
32,A-slice:0031-0726:c:1/3 z:4/6 - 20210121_BRE;H2Bd2EGFP_Pax7;RFP;d2EGFP_Emb5_10,28.959,283.883,8221.040,159542.000
33,A-slice:0032-0733:c:1/3 z:4/6 - 20210121_BRE;H2Bd2EGFP_Pax7;RFP;d2EGFP_Emb5_10,28.547,429.606,12264.005,238002.000
34,A-slice:0033-0729:c:1/3 z:4/6 - 20210121_BRE;H2Bd2EGFP_Pax7;RFP;d2EGFP_Emb5_10,17.108,424.819,7267.650,141040.000
35,A-slice:0034-0738:c:1/3 z:4/6 - 20210121_BRE;H2Bd2EGFP_Pax7;RFP;d2EGFP_Emb5_10,27.259,245.975,6705.005,130121.000
36,A-slice:0035-0736:c:1/3 z:4/6 - 20210121_BRE;H2Bd2EGFP_Pax7;RFP;d2EGFP_Emb5_10,15.407,301.813,4650.080,90242.000
37,A-slice:0036-0742:c:1/3 z:4/6 - 20210121_BRE;H2Bd2EGFP_Pax7;RFP;d2EGFP_Emb5_10,27.465,496.979,13649.517,264890.000
38,A-slice:0037-0739:c:1/3 z:4/6 - 20210121_BRE;H2Bd2EGFP_Pax7;RFP;d2EGFP_Emb5_10,29.990,335.285,10055.163,195136.000
39,A-slice:0038-0751:c:1/3 z:4/6 - 20210121_BRE;H2Bd2EGFP_Pax7;RFP;d2EGFP_Emb5_10,35.607,385.990,13743.763,266719.000
40,A-slice:0039-0761:c:1/3 z:4/6 - 20210121_BRE;H2Bd2EGFP_Pax7;RFP;d2EGFP_Emb5_10,36.534,450.914,16473.718,319698.000
41,A-slice:0040-0762:c:1/3 z:4/6 - 20210121_BRE;H2Bd2EGFP_Pax7;RFP;d2EGFP_Emb5_10,28.392,311.323,8839.233,171539.000
42,A-slice:0041-0764:c:1/3 z:4/6 - 20210121_BRE;H2Bd2EGFP_Pax7;RFP;d2EGFP_Emb5_10,29.887,309.017,9235.543,179230.000
43,A-slice:0042-0768:c:1/3 z:4/6 - 20210121_BRE;H2Bd2EGFP_Pax7;RFP;d2EGFP_Emb5_10,16.129,267.588,4315.811,83755.000
44,A-slice:0043-0777:c:1/3 z:4/6 - 20210121_BRE;H2Bd2EGFP_Pax7;RFP;d2EGFP_Emb5_10,59.774,345.822,20671.064,401154.000
45,A-slice:0044-0781:c:1/3 z:4/6 - 20210121_BRE;H2Bd2EGFP_Pax7;RFP;d2EGFP_Emb5_10,29.938,565.957,16943.817,328821.000
46,A-slice:0045-0792:c:1/3 z:4/6 - 20210121_BRE;H2Bd2EGFP_Pax7;RFP;d2EGFP_Emb5_10,29.732,404.993,12041.348,233681.000
47,A-slice:0046-0794:c:1/3 z:4/6 - 20210121_BRE;H2Bd2EGFP_Pax7;RFP;d2EGFP_Emb5_10,25.971,749.163,19456.217,377578.000
48,A-slice:0047-0801:c:1/3 z:4/6 - 20210121_BRE;H2Bd2EGFP_Pax7;RFP;d2EGFP_Emb5_10,28.599,651.735,18638.709,361713.000
49,A-slice:0048-0811:c:1/3 z:4/6 - 20210121_BRE;H2Bd2EGFP_Pax7;RFP;d2EGFP_Emb5_10,31.793,366.420,11649.728,226081.000
50,A-slice:0049-0813:c:1/3 z:4/6 - 20210121_BRE;H2Bd2EGFP_Pax7;RFP;d2EGFP_Emb5_10,27.877,216.754,6042.497,117264.000
51,A-slice:0050-0812:c:1/3 z:4/6 - 20210121_BRE;H2Bd2EGFP_Pax7;RFP;d2EGFP_Emb5_10,16.438,363.508,5975.251,115959.000
52,A-slice:0051-0813:c:1/3 z:4/6 - 20210121_BRE;H2Bd2EGFP_Pax7;RFP;d2EGFP_Emb5_10,10.306,473.640,4881.239,94728.000
53,A-slice:0052-0832:c:1/3 z:4/6 - 20210121_BRE;H2Bd2EGFP_Pax7;RFP;d2EGFP_Emb5_10,66.472,366.474,24360.386,472751.000
54,A-slice:0053-0847:c:1/3 z:4/6 - 20210121_BRE;H2Bd2EGFP_Pax7;RFP;d2EGFP_Emb5_10,29.578,254.301,7521.637,145969.000
55,A-slice:0054-0837:c:1/3 z:4/6 - 20210121_BRE;H2Bd2EGFP_Pax7;RFP;d2EGFP_Emb5_10,10.667,238.565,2544.657,49383.000
56,A-slice:0055-0858:c:1/3 z:4/6 - 20210121_BRE;H2Bd2EGFP_Pax7;RFP;d2EGFP_Emb5_10,10.563,187.780,1983.609,38495.000
57,A-slice:0056-0866:c:1/3 z:4/6 - 20210121_BRE;H2Bd2EGFP_Pax7;RFP;d2EGFP_Emb5_10,19.169,251.793,4826.567,93667.000
58,A-slice:0057-0873:c:1/3 z:4/6 - 20210121_BRE;H2Bd2EGFP_Pax7;RFP;d2EGFP_Emb5_10,36.328,373.292,13560.938,263171.000
59,A-slice:0058-0890:c:1/3 z:4/6 - 20210121_BRE;H2Bd2EGFP_Pax7;RFP;d2EGFP_Emb5_10,42.718,288.480,12323.160,239150.000
60,A-slice:0059-0890:c:1/3 z:4/6 - 20210121_BRE;H2Bd2EGFP_Pax7;RFP;d2EGFP_Emb5_10,16.850,290.434,4893.812,94972.000
61,A-slice:0060-0900:c:1/3 z:4/6 - 20210121_BRE;H2Bd2EGFP_Pax7;RFP;d2EGFP_Emb5_10,21.333,413.150,8813.726,171044.000
62,A-slice:0061-0912:c:1/3 z:4/6 - 20210121_BRE;H2Bd2EGFP_Pax7;RFP;d2EGFP_Emb5_10,21.539,265.600,5720.801,111021.000
63,A-slice:0062-0912:c:1/3 z:4/6 - 20210121_BRE;H2Bd2EGFP_Pax7;RFP;d2EGFP_Emb5_10,32.824,237.327,7790.000,151177.000
64,A-slice:0063-0917:c:1/3 z:4/6 - 20210121_BRE;H2Bd2EGFP_Pax7;RFP;d2EGFP_Emb5_10,32.051,423.003,13557.692,263108.000
65,A-slice:0064-0921:c:1/3 z:4/6 - 20210121_BRE;H2Bd2EGFP_Pax7;RFP;d2EGFP_Emb5_10,13.655,196.106,2677.859,51968.000
66,A-slice:0065-0937:c:1/3 z:4/6 - 20210121_BRE;H2Bd2EGFP_Pax7;RFP;d2EGFP_Emb5_10,25.352,301.732,7649.583,148452.000
67,A-slice:0066-0942:c:1/3 z:4/6 - 20210121_BRE;H2Bd2EGFP_Pax7;RFP;d2EGFP_Emb5_10,34.061,328.175,11177.877,216924.000
68,A-slice:0067-0944:c:1/3 z:4/6 - 20210121_BRE;H2Bd2EGFP_Pax7;RFP;d2EGFP_Emb5_10,29.629,436.713,12939.447,251110.000
69,A-slice:0068-0960:c:1/3 z:4/6 - 20210121_BRE;H2Bd2EGFP_Pax7;RFP;d2EGFP_Emb5_10,38.235,256.365,9802.001,190223.000
70,A-slice:0069-0962:c:1/3 z:4/6 - 20210121_BRE;H2Bd2EGFP_Pax7;RFP;d2EGFP_Emb5_10,32.000,371.470,11886.864,230683.000
71,A-slice:0070-0972:c:1/3 z:4/6 - 20210121_BRE;H2Bd2EGFP_Pax7;RFP;d2EGFP_Emb5_10,29.217,400.695,11707.080,227194.000
72,A-slice:0071-0976:c:1/3 z:4/6 - 20210121_BRE;H2Bd2EGFP_Pax7;RFP;d2EGFP_Emb5_10,16.026,320.791,5140.842,99766.000
73,A-slice:0072-0983:c:1/3 z:4/6 - 20210121_BRE;H2Bd2EGFP_Pax7;RFP;d2EGFP_Emb5_10,22.827,345.910,7896.201,153238.000
74,A-slice:0073-0982:c:1/3 z:4/6 - 20210121_BRE;H2Bd2EGFP_Pax7;RFP;d2EGFP_Emb5_10,39.007,343.585,13402.384,260094.000
75,A-slice:0074-0996:c:1/3 z:4/6 - 20210121_BRE;H2Bd2EGFP_Pax7;RFP;d2EGFP_Emb5_10,14.480,285.114,4128.349,80117.000
76,A-slice:0075-1009:c:1/3 z:4/6 - 20210121_BRE;H2Bd2EGFP_Pax7;RFP;d2EGFP_Emb5_10,22.879,302.730,6926.116,134412.000
77,A-slice:0076-1024:c:1/3 z:4/6 - 20210121_BRE;H2Bd2EGFP_Pax7;RFP;d2EGFP_Emb5_10,25.198,528.877,13326.482,258621.000
78,A-slice:0077-1028:c:1/3 z:4/6 - 20210121_BRE;H2Bd2EGFP_Pax7;RFP;d2EGFP_Emb5_10,12.985,310.560,4032.711,78261.000
79,A-slice:0078-1037:c:1/3 z:4/6 - 20210121_BRE;H2Bd2EGFP_Pax7;RFP;d2EGFP_Emb5_10,34.731,311.745,10827.067,210116.000
80,A-slice:0079-1041:c:1/3 z:4/6 - 20210121_BRE;H2Bd2EGFP_Pax7;RFP;d2EGFP_Emb5_10,18.808,305.416,5744.298,111477.000
81,A-slice:0080-1063:c:1/3 z:4/6 - 20210121_BRE;H2Bd2EGFP_Pax7;RFP;d2EGFP_Emb5_10,35.813,325.511,11657.406,226230.000
82,A-slice:0081-1060:c:1/3 z:4/6 - 20210121_BRE;H2Bd2EGFP_Pax7;RFP;d2EGFP_Emb5_10,17.005,361.852,6153.129,119411.000
83,A-slice:0082-1056:c:1/3 z:4/6 - 20210121_BRE;H2Bd2EGFP_Pax7;RFP;d2EGFP_Emb5_10,11.233,320.867,3604.402,69949.000
84,A-slice:0083-1069:c:1/3 z:4/6 - 20210121_BRE;H2Bd2EGFP_Pax7;RFP;d2EGFP_Emb5_10,14.222,289.261,4113.869,79836.000
85,A-slice:0084-1086:c:1/3 z:4/6 - 20210121_BRE;H2Bd2EGFP_Pax7;RFP;d2EGFP_Emb5_10,24.889,262.795,6540.576,126930.000
86,A-slice:0085-1094:c:1/3 z:4/6 - 20210121_BRE;H2Bd2EGFP_Pax7;RFP;d2EGFP_Emb5_10,17.571,249.405,4382.387,85047.000
87,A-slice:0086-1106:c:1/3 z:4/6 - 20210121_BRE;H2Bd2EGFP_Pax7;RFP;d2EGFP_Emb5_10,19.169,198.997,3814.537,74027.000
88,A-slice:0087-1125:c:1/3 z:4/6 - 20210121_BRE;H2Bd2EGFP_Pax7;RFP;d2EGFP_Emb5_10,29.526,321.524,9493.342,184233.000
89,A-slice:0088-1167:c:1/3 z:4/6 - 20210121_BRE;H2Bd2EGFP_Pax7;RFP;d2EGFP_Emb5_10,16.283,181.427,2954.209,57331.000
90,A-slice:0089-1174:c:1/3 z:4/6 - 20210121_BRE;H2Bd2EGFP_Pax7;RFP;d2EGFP_Emb5_10,10.615,281.845,2991.774,58060.000
91,A-slice:0090-1192:c:1/3 z:4/6 - 20210121_BRE;H2Bd2EGFP_Pax7;RFP;d2EGFP_Emb5_10,25.404,315.882,8024.611,155730.000
92,A-slice:0091-1195:c:1/3 z:4/6 - 20210121_BRE;H2Bd2EGFP_Pax7;RFP;d2EGFP_Emb5_10,25.455,260.741,6637.244,128806.000
93,A-slice:0092-1207:c:1/3 z:4/6 - 20210121_BRE;H2Bd2EGFP_Pax7;RFP;d2EGFP_Emb5_10,43.284,397.915,17223.517,334249.000
94,A-slice:0093-1219:c:1/3 z:4/6 - 20210121_BRE;H2Bd2EGFP_Pax7;RFP;d2EGFP_Emb5_10,35.607,289.946,10323.990,200353.000
95,A-slice:0094-1289:c:1/3 z:4/6 - 20210121_BRE;H2Bd2EGFP_Pax7;RFP;d2EGFP_Emb5_10,34.627,270.716,9374.207,181921.000
96,A-slice:0095-1311:c:1/3 z:4/6 - 20210121_BRE;H2Bd2EGFP_Pax7;RFP;d2EGFP_Emb5_10,30.608,229.498,7024.536,136322.000
97,A-slice:0096-1353:c:1/3 z:4/6 - 20210121_BRE;H2Bd2EGFP_Pax7;RFP;d2EGFP_Emb5_10,25.661,266.277,6833.055,132606.000
98,A-slice:0097-1415:c:1/3 z:4/6 - 20210121_BRE;H2Bd2EGFP_Pax7;RFP;d2EGFP_Emb5_10,12.522,250.523,3136.931,60877.000
99,A-slice:0098-1421:c:1/3 z:4/6 - 20210121_BRE;H2Bd2EGFP_Pax7;RFP;d2EGFP_Emb5_10,13.243,254.323,3367.987,65361.000
100,A-slice:mNC:c:2/3 z:4/6 - 20210121_BRE;H2Bd2EGFP_Pax7;RFP;d2EGFP_Emb5_10,18785.567,64.309,1208074.629,23444558.000
101,A-slice:0001-0565:c:2/3 z:4/6 - 20210121_BRE;H2Bd2EGFP_Pax7;RFP;d2EGFP_Emb5_10,18.550,238.731,4428.557,85943.000
102,A-slice:0002-0566:c:2/3 z:4/6 - 20210121_BRE;H2Bd2EGFP_Pax7;RFP;d2EGFP_Emb5_10,13.037,135.617,1768.012,34311.000
103,A-slice:0003-0572:c:2/3 z:4/6 - 20210121_BRE;H2Bd2EGFP_Pax7;RFP;d2EGFP_Emb5_10,27.516,303.013,8337.856,161809.000
104,A-slice:0004-0585:c:2/3 z:4/6 - 20210121_BRE;H2Bd2EGFP_Pax7;RFP;d2EGFP_Emb5_10,36.225,148.615,5383.544,104476.000
105,A-slice:0005-0591:c:2/3 z:4/6 - 20210121_BRE;H2Bd2EGFP_Pax7;RFP;d2EGFP_Emb5_10,27.001,85.866,2318.496,44994.000
106,A-slice:0006-0592:c:2/3 z:4/6 - 20210121_BRE;H2Bd2EGFP_Pax7;RFP;d2EGFP_Emb5_10,49.622,119.961,5952.733,115522.000
107,A-slice:0007-0604:c:2/3 z:4/6 - 20210121_BRE;H2Bd2EGFP_Pax7;RFP;d2EGFP_Emb5_10,69.822,85.797,5990.504,116255.000
108,A-slice:0008-0594:c:2/3 z:4/6 - 20210121_BRE;H2Bd2EGFP_Pax7;RFP;d2EGFP_Emb5_10,12.676,90.150,1142.759,22177.000
109,A-slice:0009-0610:c:2/3 z:4/6 - 20210121_BRE;H2Bd2EGFP_Pax7;RFP;d2EGFP_Emb5_10,27.413,80.539,2207.863,42847.000
110,A-slice:0010-0627:c:2/3 z:4/6 - 20210121_BRE;H2Bd2EGFP_Pax7;RFP;d2EGFP_Emb5_10,47.458,38.432,1823.920,35396.000
111,A-slice:0011-0628:c:2/3 z:4/6 - 20210121_BRE;H2Bd2EGFP_Pax7;RFP;d2EGFP_Emb5_10,29.165,121.131,3532.828,68560.000
112,A-slice:0012-0635:c:2/3 z:4/6 - 20210121_BRE;H2Bd2EGFP_Pax7;RFP;d2EGFP_Emb5_10,49.983,192.568,9625.153,186791.000
113,A-slice:0013-0631:c:2/3 z:4/6 - 20210121_BRE;H2Bd2EGFP_Pax7;RFP;d2EGFP_Emb5_10,14.119,67.062,946.845,18375.000
114,A-slice:0014-0632:c:2/3 z:4/6 - 20210121_BRE;H2Bd2EGFP_Pax7;RFP;d2EGFP_Emb5_10,21.951,401.131,8805.379,170882.000
115,A-slice:0015-0630:c:2/3 z:4/6 - 20210121_BRE;H2Bd2EGFP_Pax7;RFP;d2EGFP_Emb5_10,13.758,58.929,810.757,15734.000
116,A-slice:0016-0640:c:2/3 z:4/6 - 20210121_BRE;H2Bd2EGFP_Pax7;RFP;d2EGFP_Emb5_10,24.116,419.472,10115.813,196313.000
117,A-slice:0017-0641:c:2/3 z:4/6 - 20210121_BRE;H2Bd2EGFP_Pax7;RFP;d2EGFP_Emb5_10,20.045,251.008,5031.395,97642.000
118,A-slice:0018-0653:c:2/3 z:4/6 - 20210121_BRE;H2Bd2EGFP_Pax7;RFP;d2EGFP_Emb5_10,19.323,104.053,2010.662,39020.000
119,A-slice:0019-0658:c:2/3 z:4/6 - 20210121_BRE;H2Bd2EGFP_Pax7;RFP;d2EGFP_Emb5_10,37.616,115.725,4353.118,84479.000
120,A-slice:0020-0670:c:2/3 z:4/6 - 20210121_BRE;H2Bd2EGFP_Pax7;RFP;d2EGFP_Emb5_10,37.874,364.990,13823.582,268268.000
121,A-slice:0021-0667:c:2/3 z:4/6 - 20210121_BRE;H2Bd2EGFP_Pax7;RFP;d2EGFP_Emb5_10,26.744,58.632,1568.027,30430.000
122,A-slice:0022-0676:c:2/3 z:4/6 - 20210121_BRE;H2Bd2EGFP_Pax7;RFP;d2EGFP_Emb5_10,25.558,46.452,1187.228,23040.000
123,A-slice:0023-0689:c:2/3 z:4/6 - 20210121_BRE;H2Bd2EGFP_Pax7;RFP;d2EGFP_Emb5_10,30.866,54.594,1685.101,32702.000
124,A-slice:0024-0696:c:2/3 z:4/6 - 20210121_BRE;H2Bd2EGFP_Pax7;RFP;d2EGFP_Emb5_10,20.509,389.696,7992.096,155099.000
125,A-slice:0025-0695:c:2/3 z:4/6 - 20210121_BRE;H2Bd2EGFP_Pax7;RFP;d2EGFP_Emb5_10,14.943,72.186,1078.708,20934.000
126,A-slice:0026-0701:c:2/3 z:4/6 - 20210121_BRE;H2Bd2EGFP_Pax7;RFP;d2EGFP_Emb5_10,20.715,22.381,463.606,8997.000
127,A-slice:0027-0710:c:2/3 z:4/6 - 20210121_BRE;H2Bd2EGFP_Pax7;RFP;d2EGFP_Emb5_10,17.005,507.170,8624.203,167366.000
128,A-slice:0028-0717:c:2/3 z:4/6 - 20210121_BRE;H2Bd2EGFP_Pax7;RFP;d2EGFP_Emb5_10,25.816,12.236,315.873,6130.000
129,A-slice:0029-0721:c:2/3 z:4/6 - 20210121_BRE;H2Bd2EGFP_Pax7;RFP;d2EGFP_Emb5_10,29.784,50.631,1507.996,29265.000
130,A-slice:0030-0718:c:2/3 z:4/6 - 20210121_BRE;H2Bd2EGFP_Pax7;RFP;d2EGFP_Emb5_10,13.604,47.428,645.195,12521.000
131,A-slice:0031-0726:c:2/3 z:4/6 - 20210121_BRE;H2Bd2EGFP_Pax7;RFP;d2EGFP_Emb5_10,28.959,50.779,1470.535,28538.000
132,A-slice:0032-0733:c:2/3 z:4/6 - 20210121_BRE;H2Bd2EGFP_Pax7;RFP;d2EGFP_Emb5_10,28.547,90.233,2575.883,49989.000
133,A-slice:0033-0729:c:2/3 z:4/6 - 20210121_BRE;H2Bd2EGFP_Pax7;RFP;d2EGFP_Emb5_10,17.108,380.515,6509.710,126331.000
134,A-slice:0034-0738:c:2/3 z:4/6 - 20210121_BRE;H2Bd2EGFP_Pax7;RFP;d2EGFP_Emb5_10,27.259,80.974,2207.245,42835.000
135,A-slice:0035-0736:c:2/3 z:4/6 - 20210121_BRE;H2Bd2EGFP_Pax7;RFP;d2EGFP_Emb5_10,15.407,14.171,218.328,4237.000
136,A-slice:0036-0742:c:2/3 z:4/6 - 20210121_BRE;H2Bd2EGFP_Pax7;RFP;d2EGFP_Emb5_10,27.465,299.454,8224.492,159609.000
137,A-slice:0037-0739:c:2/3 z:4/6 - 20210121_BRE;H2Bd2EGFP_Pax7;RFP;d2EGFP_Emb5_10,29.990,78.703,2360.286,45805.000
138,A-slice:0038-0751:c:2/3 z:4/6 - 20210121_BRE;H2Bd2EGFP_Pax7;RFP;d2EGFP_Emb5_10,35.607,28.113,1001.002,19426.000
139,A-slice:0039-0761:c:2/3 z:4/6 - 20210121_BRE;H2Bd2EGFP_Pax7;RFP;d2EGFP_Emb5_10,36.534,75.660,2764.170,53643.000
140,A-slice:0040-0762:c:2/3 z:4/6 - 20210121_BRE;H2Bd2EGFP_Pax7;RFP;d2EGFP_Emb5_10,28.392,139.844,3970.516,77054.000
141,A-slice:0041-0764:c:2/3 z:4/6 - 20210121_BRE;H2Bd2EGFP_Pax7;RFP;d2EGFP_Emb5_10,29.887,19.226,574.600,11151.000
142,A-slice:0042-0768:c:2/3 z:4/6 - 20210121_BRE;H2Bd2EGFP_Pax7;RFP;d2EGFP_Emb5_10,16.129,15.144,244.247,4740.000
143,A-slice:0043-0777:c:2/3 z:4/6 - 20210121_BRE;H2Bd2EGFP_Pax7;RFP;d2EGFP_Emb5_10,59.774,179.347,10720.196,208042.000
144,A-slice:0044-0781:c:2/3 z:4/6 - 20210121_BRE;H2Bd2EGFP_Pax7;RFP;d2EGFP_Emb5_10,29.938,24.005,718.675,13947.000
145,A-slice:0045-0792:c:2/3 z:4/6 - 20210121_BRE;H2Bd2EGFP_Pax7;RFP;d2EGFP_Emb5_10,29.732,105.159,3126.625,60677.000
146,A-slice:0046-0794:c:2/3 z:4/6 - 20210121_BRE;H2Bd2EGFP_Pax7;RFP;d2EGFP_Emb5_10,25.971,134.851,3502.168,67965.000
147,A-slice:0047-0801:c:2/3 z:4/6 - 20210121_BRE;H2Bd2EGFP_Pax7;RFP;d2EGFP_Emb5_10,28.599,50.605,1447.243,28086.000
148,A-slice:0048-0811:c:2/3 z:4/6 - 20210121_BRE;H2Bd2EGFP_Pax7;RFP;d2EGFP_Emb5_10,31.793,258.637,8222.946,159579.000
149,A-slice:0049-0813:c:2/3 z:4/6 - 20210121_BRE;H2Bd2EGFP_Pax7;RFP;d2EGFP_Emb5_10,27.877,13.481,375.801,7293.000
150,A-slice:0050-0812:c:2/3 z:4/6 - 20210121_BRE;H2Bd2EGFP_Pax7;RFP;d2EGFP_Emb5_10,16.438,101.113,1662.068,32255.000
151,A-slice:0051-0813:c:2/3 z:4/6 - 20210121_BRE;H2Bd2EGFP_Pax7;RFP;d2EGFP_Emb5_10,10.306,62.090,639.887,12418.000
152,A-slice:0052-0832:c:2/3 z:4/6 - 20210121_BRE;H2Bd2EGFP_Pax7;RFP;d2EGFP_Emb5_10,66.472,77.132,5127.135,99500.000
153,A-slice:0053-0847:c:2/3 z:4/6 - 20210121_BRE;H2Bd2EGFP_Pax7;RFP;d2EGFP_Emb5_10,29.578,94.430,2793.026,54203.000
154,A-slice:0054-0837:c:2/3 z:4/6 - 20210121_BRE;H2Bd2EGFP_Pax7;RFP;d2EGFP_Emb5_10,10.667,74.077,790.146,15334.000
155,A-slice:0055-0858:c:2/3 z:4/6 - 20210121_BRE;H2Bd2EGFP_Pax7;RFP;d2EGFP_Emb5_10,10.563,12.171,128.565,2495.000
156,A-slice:0056-0866:c:2/3 z:4/6 - 20210121_BRE;H2Bd2EGFP_Pax7;RFP;d2EGFP_Emb5_10,19.169,331.013,6345.126,123137.000
157,A-slice:0057-0873:c:2/3 z:4/6 - 20210121_BRE;H2Bd2EGFP_Pax7;RFP;d2EGFP_Emb5_10,36.328,43.132,1566.894,30408.000
158,A-slice:0058-0890:c:2/3 z:4/6 - 20210121_BRE;H2Bd2EGFP_Pax7;RFP;d2EGFP_Emb5_10,42.718,112.175,4791.836,92993.000
159,A-slice:0059-0890:c:2/3 z:4/6 - 20210121_BRE;H2Bd2EGFP_Pax7;RFP;d2EGFP_Emb5_10,16.850,29.156,491.277,9534.000
160,A-slice:0060-0900:c:2/3 z:4/6 - 20210121_BRE;H2Bd2EGFP_Pax7;RFP;d2EGFP_Emb5_10,21.333,237.696,5070.763,98406.000
161,A-slice:0061-0912:c:2/3 z:4/6 - 20210121_BRE;H2Bd2EGFP_Pax7;RFP;d2EGFP_Emb5_10,21.539,359.014,7732.854,150068.000
162,A-slice:0062-0912:c:2/3 z:4/6 - 20210121_BRE;H2Bd2EGFP_Pax7;RFP;d2EGFP_Emb5_10,32.824,23.845,782.674,15189.000
163,A-slice:0063-0917:c:2/3 z:4/6 - 20210121_BRE;H2Bd2EGFP_Pax7;RFP;d2EGFP_Emb5_10,32.051,195.008,6250.210,121295.000
164,A-slice:0064-0921:c:2/3 z:4/6 - 20210121_BRE;H2Bd2EGFP_Pax7;RFP;d2EGFP_Emb5_10,13.655,25.883,353.437,6859.000
165,A-slice:0065-0937:c:2/3 z:4/6 - 20210121_BRE;H2Bd2EGFP_Pax7;RFP;d2EGFP_Emb5_10,25.352,36.620,928.398,18017.000
166,A-slice:0066-0942:c:2/3 z:4/6 - 20210121_BRE;H2Bd2EGFP_Pax7;RFP;d2EGFP_Emb5_10,34.061,215.071,7325.466,142162.000
167,A-slice:0067-0944:c:2/3 z:4/6 - 20210121_BRE;H2Bd2EGFP_Pax7;RFP;d2EGFP_Emb5_10,29.629,34.391,1018.986,19775.000
168,A-slice:0068-0960:c:2/3 z:4/6 - 20210121_BRE;H2Bd2EGFP_Pax7;RFP;d2EGFP_Emb5_10,38.235,17.322,662.302,12853.000
169,A-slice:0069-0962:c:2/3 z:4/6 - 20210121_BRE;H2Bd2EGFP_Pax7;RFP;d2EGFP_Emb5_10,32.000,156.723,5015.060,97325.000
170,A-slice:0070-0972:c:2/3 z:4/6 - 20210121_BRE;H2Bd2EGFP_Pax7;RFP;d2EGFP_Emb5_10,29.217,120.273,3514.020,68195.000
171,A-slice:0071-0976:c:2/3 z:4/6 - 20210121_BRE;H2Bd2EGFP_Pax7;RFP;d2EGFP_Emb5_10,16.026,77.048,1234.738,23962.000
172,A-slice:0072-0983:c:2/3 z:4/6 - 20210121_BRE;H2Bd2EGFP_Pax7;RFP;d2EGFP_Emb5_10,22.827,89.892,2051.988,39822.000
173,A-slice:0073-0982:c:2/3 z:4/6 - 20210121_BRE;H2Bd2EGFP_Pax7;RFP;d2EGFP_Emb5_10,39.007,572.018,22312.985,433018.000
174,A-slice:0074-0996:c:2/3 z:4/6 - 20210121_BRE;H2Bd2EGFP_Pax7;RFP;d2EGFP_Emb5_10,14.480,28.381,410.944,7975.000
175,A-slice:0075-1009:c:2/3 z:4/6 - 20210121_BRE;H2Bd2EGFP_Pax7;RFP;d2EGFP_Emb5_10,22.879,99.056,2266.297,43981.000
176,A-slice:0076-1024:c:2/3 z:4/6 - 20210121_BRE;H2Bd2EGFP_Pax7;RFP;d2EGFP_Emb5_10,25.198,35.669,898.769,17442.000
177,A-slice:0077-1028:c:2/3 z:4/6 - 20210121_BRE;H2Bd2EGFP_Pax7;RFP;d2EGFP_Emb5_10,12.985,43.234,561.408,10895.000
178,A-slice:0078-1037:c:2/3 z:4/6 - 20210121_BRE;H2Bd2EGFP_Pax7;RFP;d2EGFP_Emb5_10,34.731,23.082,801.637,15557.000
179,A-slice:0079-1041:c:2/3 z:4/6 - 20210121_BRE;H2Bd2EGFP_Pax7;RFP;d2EGFP_Emb5_10,18.808,33.085,622.264,12076.000
180,A-slice:0080-1063:c:2/3 z:4/6 - 20210121_BRE;H2Bd2EGFP_Pax7;RFP;d2EGFP_Emb5_10,35.813,23.515,842.138,16343.000
181,A-slice:0081-1060:c:2/3 z:4/6 - 20210121_BRE;H2Bd2EGFP_Pax7;RFP;d2EGFP_Emb5_10,17.005,69.806,1187.022,23036.000
182,A-slice:0082-1056:c:2/3 z:4/6 - 20210121_BRE;H2Bd2EGFP_Pax7;RFP;d2EGFP_Emb5_10,11.233,58.312,655.037,12712.000
183,A-slice:0083-1069:c:2/3 z:4/6 - 20210121_BRE;H2Bd2EGFP_Pax7;RFP;d2EGFP_Emb5_10,14.222,52.185,742.172,14403.000
184,A-slice:0084-1086:c:2/3 z:4/6 - 20210121_BRE;H2Bd2EGFP_Pax7;RFP;d2EGFP_Emb5_10,24.889,236.184,5878.274,114077.000
185,A-slice:0085-1094:c:2/3 z:4/6 - 20210121_BRE;H2Bd2EGFP_Pax7;RFP;d2EGFP_Emb5_10,17.571,207.062,3638.360,70608.000
186,A-slice:0086-1106:c:2/3 z:4/6 - 20210121_BRE;H2Bd2EGFP_Pax7;RFP;d2EGFP_Emb5_10,19.169,38.645,740.781,14376.000
187,A-slice:0087-1125:c:2/3 z:4/6 - 20210121_BRE;H2Bd2EGFP_Pax7;RFP;d2EGFP_Emb5_10,29.526,77.168,2278.458,44217.000
188,A-slice:0088-1167:c:2/3 z:4/6 - 20210121_BRE;H2Bd2EGFP_Pax7;RFP;d2EGFP_Emb5_10,16.283,20.734,337.618,6552.000
189,A-slice:0089-1174:c:2/3 z:4/6 - 20210121_BRE;H2Bd2EGFP_Pax7;RFP;d2EGFP_Emb5_10,10.615,39.112,415.169,8057.000
190,A-slice:0090-1192:c:2/3 z:4/6 - 20210121_BRE;H2Bd2EGFP_Pax7;RFP;d2EGFP_Emb5_10,25.404,118.223,3003.316,58284.000
191,A-slice:0091-1195:c:2/3 z:4/6 - 20210121_BRE;H2Bd2EGFP_Pax7;RFP;d2EGFP_Emb5_10,25.455,44.652,1136.627,22058.000
192,A-slice:0092-1207:c:2/3 z:4/6 - 20210121_BRE;H2Bd2EGFP_Pax7;RFP;d2EGFP_Emb5_10,43.284,88.646,3837.004,74463.000
193,A-slice:0093-1219:c:2/3 z:4/6 - 20210121_BRE;H2Bd2EGFP_Pax7;RFP;d2EGFP_Emb5_10,35.607,259.013,9222.557,178978.000
194,A-slice:0094-1289:c:2/3 z:4/6 - 20210121_BRE;H2Bd2EGFP_Pax7;RFP;d2EGFP_Emb5_10,34.627,65.649,2273.253,44116.000
195,A-slice:0095-1311:c:2/3 z:4/6 - 20210121_BRE;H2Bd2EGFP_Pax7;RFP;d2EGFP_Emb5_10,30.608,9.779,299.332,5809.000
196,A-slice:0096-1353:c:2/3 z:4/6 - 20210121_BRE;H2Bd2EGFP_Pax7;RFP;d2EGFP_Emb5_10,25.661,15.339,393.630,7639.000
197,A-slice:0097-1415:c:2/3 z:4/6 - 20210121_BRE;H2Bd2EGFP_Pax7;RFP;d2EGFP_Emb5_10,12.522,194.033,2429.592,47150.000
198,A-slice:0098-1421:c:2/3 z:4/6 - 20210121_BRE;H2Bd2EGFP_Pax7;RFP;d2EGFP_Emb5_10,13.243,211.895,2806.115,54457.000
199,A-slice:mNC:c:3/3 z:4/6 - 20210121_BRE;H2Bd2EGFP_Pax7;RFP;d2EGFP_Emb5_10,18785.567,70.564,1325590.945,25725144.000
200,A-slice:0001-0565:c:3/3 z:4/6 - 20210121_BRE;H2Bd2EGFP_Pax7;RFP;d2EGFP_Emb5_10,18.550,33.147,614.896,11933.000
201,A-slice:0002-0566:c:3/3 z:4/6 - 20210121_BRE;H2Bd2EGFP_Pax7;RFP;d2EGFP_Emb5_10,13.037,115.277,1502.843,29165.000
202,A-slice:0003-0572:c:3/3 z:4/6 - 20210121_BRE;H2Bd2EGFP_Pax7;RFP;d2EGFP_Emb5_10,27.516,61.026,1679.227,32588.000
203,A-slice:0004-0585:c:3/3 z:4/6 - 20210121_BRE;H2Bd2EGFP_Pax7;RFP;d2EGFP_Emb5_10,36.225,409.832,14846.123,288112.000
204,A-slice:0005-0591:c:3/3 z:4/6 - 20210121_BRE;H2Bd2EGFP_Pax7;RFP;d2EGFP_Emb5_10,27.001,42.632,1151.106,22339.000
205,A-slice:0006-0592:c:3/3 z:4/6 - 20210121_BRE;H2Bd2EGFP_Pax7;RFP;d2EGFP_Emb5_10,49.622,445.320,22097.851,428843.000
206,A-slice:0007-0604:c:3/3 z:4/6 - 20210121_BRE;H2Bd2EGFP_Pax7;RFP;d2EGFP_Emb5_10,69.822,492.864,34412.664,667831.000
207,A-slice:0008-0594:c:3/3 z:4/6 - 20210121_BRE;H2Bd2EGFP_Pax7;RFP;d2EGFP_Emb5_10,12.676,158.866,2013.805,39081.000
208,A-slice:0009-0610:c:3/3 z:4/6 - 20210121_BRE;H2Bd2EGFP_Pax7;RFP;d2EGFP_Emb5_10,27.413,310.697,8517.280,165291.000
209,A-slice:0010-0627:c:3/3 z:4/6 - 20210121_BRE;H2Bd2EGFP_Pax7;RFP;d2EGFP_Emb5_10,47.458,49.301,2339.726,45406.000
210,A-slice:0011-0628:c:3/3 z:4/6 - 20210121_BRE;H2Bd2EGFP_Pax7;RFP;d2EGFP_Emb5_10,29.165,131.452,3833.861,74402.000
211,A-slice:0012-0635:c:3/3 z:4/6 - 20210121_BRE;H2Bd2EGFP_Pax7;RFP;d2EGFP_Emb5_10,49.983,276.715,13831.105,268414.000
212,A-slice:0013-0631:c:3/3 z:4/6 - 20210121_BRE;H2Bd2EGFP_Pax7;RFP;d2EGFP_Emb5_10,14.119,27.453,387.601,7522.000
213,A-slice:0014-0632:c:3/3 z:4/6 - 20210121_BRE;H2Bd2EGFP_Pax7;RFP;d2EGFP_Emb5_10,21.951,92.636,2033.489,39463.000
214,A-slice:0015-0630:c:3/3 z:4/6 - 20210121_BRE;H2Bd2EGFP_Pax7;RFP;d2EGFP_Emb5_10,13.758,85.273,1173.212,22768.000
215,A-slice:0016-0640:c:3/3 z:4/6 - 20210121_BRE;H2Bd2EGFP_Pax7;RFP;d2EGFP_Emb5_10,24.116,179.865,4337.557,84177.000
216,A-slice:0017-0641:c:3/3 z:4/6 - 20210121_BRE;H2Bd2EGFP_Pax7;RFP;d2EGFP_Emb5_10,20.045,386.262,7742.541,150256.000
217,A-slice:0018-0653:c:3/3 z:4/6 - 20210121_BRE;H2Bd2EGFP_Pax7;RFP;d2EGFP_Emb5_10,19.323,123.893,2394.037,46460.000
218,A-slice:0019-0658:c:3/3 z:4/6 - 20210121_BRE;H2Bd2EGFP_Pax7;RFP;d2EGFP_Emb5_10,37.616,42.378,1594.101,30936.000
219,A-slice:0020-0670:c:3/3 z:4/6 - 20210121_BRE;H2Bd2EGFP_Pax7;RFP;d2EGFP_Emb5_10,37.874,800.340,30311.934,588250.000
220,A-slice:0021-0667:c:3/3 z:4/6 - 20210121_BRE;H2Bd2EGFP_Pax7;RFP;d2EGFP_Emb5_10,26.744,947.299,25334.130,491648.000
221,A-slice:0022-0676:c:3/3 z:4/6 - 20210121_BRE;H2Bd2EGFP_Pax7;RFP;d2EGFP_Emb5_10,25.558,119.298,3049.074,59172.000
222,A-slice:0023-0689:c:3/3 z:4/6 - 20210121_BRE;H2Bd2EGFP_Pax7;RFP;d2EGFP_Emb5_10,30.866,111.693,3447.496,66904.000
223,A-slice:0024-0696:c:3/3 z:4/6 - 20210121_BRE;H2Bd2EGFP_Pax7;RFP;d2EGFP_Emb5_10,20.509,1061.332,21766.365,422410.000
224,A-slice:0025-0695:c:3/3 z:4/6 - 20210121_BRE;H2Bd2EGFP_Pax7;RFP;d2EGFP_Emb5_10,14.943,380.786,5690.244,110428.000
225,A-slice:0026-0701:c:3/3 z:4/6 - 20210121_BRE;H2Bd2EGFP_Pax7;RFP;d2EGFP_Emb5_10,20.715,22.346,462.885,8983.000
226,A-slice:0027-0710:c:3/3 z:4/6 - 20210121_BRE;H2Bd2EGFP_Pax7;RFP;d2EGFP_Emb5_10,17.005,88.406,1503.307,29174.000
227,A-slice:0028-0717:c:3/3 z:4/6 - 20210121_BRE;H2Bd2EGFP_Pax7;RFP;d2EGFP_Emb5_10,25.816,19.076,492.463,9557.000
228,A-slice:0029-0721:c:3/3 z:4/6 - 20210121_BRE;H2Bd2EGFP_Pax7;RFP;d2EGFP_Emb5_10,29.784,124.621,3711.685,72031.000
229,A-slice:0030-0718:c:3/3 z:4/6 - 20210121_BRE;H2Bd2EGFP_Pax7;RFP;d2EGFP_Emb5_10,13.604,168.758,2295.720,44552.000
230,A-slice:0031-0726:c:3/3 z:4/6 - 20210121_BRE;H2Bd2EGFP_Pax7;RFP;d2EGFP_Emb5_10,28.959,697.199,20190.402,391826.000
231,A-slice:0032-0733:c:3/3 z:4/6 - 20210121_BRE;H2Bd2EGFP_Pax7;RFP;d2EGFP_Emb5_10,28.547,28.962,826.783,16045.000
232,A-slice:0033-0729:c:3/3 z:4/6 - 20210121_BRE;H2Bd2EGFP_Pax7;RFP;d2EGFP_Emb5_10,17.108,114.557,1959.802,38033.000
233,A-slice:0034-0738:c:3/3 z:4/6 - 20210121_BRE;H2Bd2EGFP_Pax7;RFP;d2EGFP_Emb5_10,27.259,46.414,1265.192,24553.000
234,A-slice:0035-0736:c:3/3 z:4/6 - 20210121_BRE;H2Bd2EGFP_Pax7;RFP;d2EGFP_Emb5_10,15.407,21.478,330.919,6422.000
235,A-slice:0036-0742:c:3/3 z:4/6 - 20210121_BRE;H2Bd2EGFP_Pax7;RFP;d2EGFP_Emb5_10,27.465,498.152,13681.722,265515.000
236,A-slice:0037-0739:c:3/3 z:4/6 - 20210121_BRE;H2Bd2EGFP_Pax7;RFP;d2EGFP_Emb5_10,29.990,60.189,1805.061,35030.000
237,A-slice:0038-0751:c:3/3 z:4/6 - 20210121_BRE;H2Bd2EGFP_Pax7;RFP;d2EGFP_Emb5_10,35.607,139.324,4960.851,96273.000
238,A-slice:0039-0761:c:3/3 z:4/6 - 20210121_BRE;H2Bd2EGFP_Pax7;RFP;d2EGFP_Emb5_10,36.534,332.774,12157.598,235937.000
239,A-slice:0040-0762:c:3/3 z:4/6 - 20210121_BRE;H2Bd2EGFP_Pax7;RFP;d2EGFP_Emb5_10,28.392,71.768,2037.663,39544.000
240,A-slice:0041-0764:c:3/3 z:4/6 - 20210121_BRE;H2Bd2EGFP_Pax7;RFP;d2EGFP_Emb5_10,29.887,30.326,906.344,17589.000
241,A-slice:0042-0768:c:3/3 z:4/6 - 20210121_BRE;H2Bd2EGFP_Pax7;RFP;d2EGFP_Emb5_10,16.129,21.665,349.418,6781.000
242,A-slice:0043-0777:c:3/3 z:4/6 - 20210121_BRE;H2Bd2EGFP_Pax7;RFP;d2EGFP_Emb5_10,59.774,350.784,20967.665,406910.000
243,A-slice:0044-0781:c:3/3 z:4/6 - 20210121_BRE;H2Bd2EGFP_Pax7;RFP;d2EGFP_Emb5_10,29.938,39.134,1171.615,22737.000
244,A-slice:0045-0792:c:3/3 z:4/6 - 20210121_BRE;H2Bd2EGFP_Pax7;RFP;d2EGFP_Emb5_10,29.732,29.376,873.417,16950.000
245,A-slice:0046-0794:c:3/3 z:4/6 - 20210121_BRE;H2Bd2EGFP_Pax7;RFP;d2EGFP_Emb5_10,25.971,50.407,1309.094,25405.000
246,A-slice:0047-0801:c:3/3 z:4/6 - 20210121_BRE;H2Bd2EGFP_Pax7;RFP;d2EGFP_Emb5_10,28.599,32.730,936.024,18165.000
247,A-slice:0048-0811:c:3/3 z:4/6 - 20210121_BRE;H2Bd2EGFP_Pax7;RFP;d2EGFP_Emb5_10,31.793,391.762,12455.435,241717.000
248,A-slice:0049-0813:c:3/3 z:4/6 - 20210121_BRE;H2Bd2EGFP_Pax7;RFP;d2EGFP_Emb5_10,27.877,27.547,767.937,14903.000
249,A-slice:0050-0812:c:3/3 z:4/6 - 20210121_BRE;H2Bd2EGFP_Pax7;RFP;d2EGFP_Emb5_10,16.438,31.433,516.681,10027.000
250,A-slice:0051-0813:c:3/3 z:4/6 - 20210121_BRE;H2Bd2EGFP_Pax7;RFP;d2EGFP_Emb5_10,10.306,30.330,312.575,6066.000
251,A-slice:0052-0832:c:3/3 z:4/6 - 20210121_BRE;H2Bd2EGFP_Pax7;RFP;d2EGFP_Emb5_10,66.472,310.608,20646.846,400684.000
252,A-slice:0053-0847:c:3/3 z:4/6 - 20210121_BRE;H2Bd2EGFP_Pax7;RFP;d2EGFP_Emb5_10,29.578,191.484,5663.655,109912.000
253,A-slice:0054-0837:c:3/3 z:4/6 - 20210121_BRE;H2Bd2EGFP_Pax7;RFP;d2EGFP_Emb5_10,10.667,20.155,214.979,4172.000
254,A-slice:0055-0858:c:3/3 z:4/6 - 20210121_BRE;H2Bd2EGFP_Pax7;RFP;d2EGFP_Emb5_10,10.563,22.654,239.301,4644.000
255,A-slice:0056-0866:c:3/3 z:4/6 - 20210121_BRE;H2Bd2EGFP_Pax7;RFP;d2EGFP_Emb5_10,19.169,135.414,2595.722,50374.000
256,A-slice:0057-0873:c:3/3 z:4/6 - 20210121_BRE;H2Bd2EGFP_Pax7;RFP;d2EGFP_Emb5_10,36.328,56.237,2042.970,39647.000
257,A-slice:0058-0890:c:3/3 z:4/6 - 20210121_BRE;H2Bd2EGFP_Pax7;RFP;d2EGFP_Emb5_10,42.718,205.316,8770.597,170207.000
258,A-slice:0059-0890:c:3/3 z:4/6 - 20210121_BRE;H2Bd2EGFP_Pax7;RFP;d2EGFP_Emb5_10,16.850,35.398,596.448,11575.000
259,A-slice:0060-0900:c:3/3 z:4/6 - 20210121_BRE;H2Bd2EGFP_Pax7;RFP;d2EGFP_Emb5_10,21.333,26.865,573.106,11122.000
260,A-slice:0061-0912:c:3/3 z:4/6 - 20210121_BRE;H2Bd2EGFP_Pax7;RFP;d2EGFP_Emb5_10,21.539,66.194,1425.756,27669.000
261,A-slice:0062-0912:c:3/3 z:4/6 - 20210121_BRE;H2Bd2EGFP_Pax7;RFP;d2EGFP_Emb5_10,32.824,38.482,1263.130,24513.000
262,A-slice:0063-0917:c:3/3 z:4/6 - 20210121_BRE;H2Bd2EGFP_Pax7;RFP;d2EGFP_Emb5_10,32.051,471.664,15117.320,293375.000
263,A-slice:0064-0921:c:3/3 z:4/6 - 20210121_BRE;H2Bd2EGFP_Pax7;RFP;d2EGFP_Emb5_10,13.655,31.638,432.019,8384.000
264,A-slice:0065-0937:c:3/3 z:4/6 - 20210121_BRE;H2Bd2EGFP_Pax7;RFP;d2EGFP_Emb5_10,25.352,138.673,3515.669,68227.000
265,A-slice:0066-0942:c:3/3 z:4/6 - 20210121_BRE;H2Bd2EGFP_Pax7;RFP;d2EGFP_Emb5_10,34.061,111.855,3809.848,73936.000
266,A-slice:0067-0944:c:3/3 z:4/6 - 20210121_BRE;H2Bd2EGFP_Pax7;RFP;d2EGFP_Emb5_10,29.629,62.350,1847.366,35851.000
267,A-slice:0068-0960:c:3/3 z:4/6 - 20210121_BRE;H2Bd2EGFP_Pax7;RFP;d2EGFP_Emb5_10,38.235,30.214,1155.229,22419.000
268,A-slice:0069-0962:c:3/3 z:4/6 - 20210121_BRE;H2Bd2EGFP_Pax7;RFP;d2EGFP_Emb5_10,32.000,821.106,26274.998,509907.000
269,A-slice:0070-0972:c:3/3 z:4/6 - 20210121_BRE;H2Bd2EGFP_Pax7;RFP;d2EGFP_Emb5_10,29.217,142.132,4152.671,80589.000
270,A-slice:0071-0976:c:3/3 z:4/6 - 20210121_BRE;H2Bd2EGFP_Pax7;RFP;d2EGFP_Emb5_10,16.026,189.357,3034.543,58890.000
271,A-slice:0072-0983:c:3/3 z:4/6 - 20210121_BRE;H2Bd2EGFP_Pax7;RFP;d2EGFP_Emb5_10,22.827,292.903,6686.197,129756.000
272,A-slice:0073-0982:c:3/3 z:4/6 - 20210121_BRE;H2Bd2EGFP_Pax7;RFP;d2EGFP_Emb5_10,39.007,771.621,30098.965,584117.000
273,A-slice:0074-0996:c:3/3 z:4/6 - 20210121_BRE;H2Bd2EGFP_Pax7;RFP;d2EGFP_Emb5_10,14.480,32.986,477.622,9269.000
274,A-slice:0075-1009:c:3/3 z:4/6 - 20210121_BRE;H2Bd2EGFP_Pax7;RFP;d2EGFP_Emb5_10,22.879,2316.833,53006.543,1028674.000
275,A-slice:0076-1024:c:3/3 z:4/6 - 20210121_BRE;H2Bd2EGFP_Pax7;RFP;d2EGFP_Emb5_10,25.198,528.992,13329.367,258677.000
276,A-slice:0077-1028:c:3/3 z:4/6 - 20210121_BRE;H2Bd2EGFP_Pax7;RFP;d2EGFP_Emb5_10,12.985,22.016,285.883,5548.000
277,A-slice:0078-1037:c:3/3 z:4/6 - 20210121_BRE;H2Bd2EGFP_Pax7;RFP;d2EGFP_Emb5_10,34.731,32.025,1112.253,21585.000
278,A-slice:0079-1041:c:3/3 z:4/6 - 20210121_BRE;H2Bd2EGFP_Pax7;RFP;d2EGFP_Emb5_10,18.808,142.085,2672.345,51861.000
279,A-slice:0080-1063:c:3/3 z:4/6 - 20210121_BRE;H2Bd2EGFP_Pax7;RFP;d2EGFP_Emb5_10,35.813,22.475,804.883,15620.000
280,A-slice:0081-1060:c:3/3 z:4/6 - 20210121_BRE;H2Bd2EGFP_Pax7;RFP;d2EGFP_Emb5_10,17.005,68.352,1162.288,22556.000
281,A-slice:0082-1056:c:3/3 z:4/6 - 20210121_BRE;H2Bd2EGFP_Pax7;RFP;d2EGFP_Emb5_10,11.233,63.179,709.709,13773.000
282,A-slice:0083-1069:c:3/3 z:4/6 - 20210121_BRE;H2Bd2EGFP_Pax7;RFP;d2EGFP_Emb5_10,14.222,59.649,848.322,16463.000
283,A-slice:0084-1086:c:3/3 z:4/6 - 20210121_BRE;H2Bd2EGFP_Pax7;RFP;d2EGFP_Emb5_10,24.889,298.870,7438.417,144354.000
284,A-slice:0085-1094:c:3/3 z:4/6 - 20210121_BRE;H2Bd2EGFP_Pax7;RFP;d2EGFP_Emb5_10,17.571,280.613,4930.758,95689.000
285,A-slice:0086-1106:c:3/3 z:4/6 - 20210121_BRE;H2Bd2EGFP_Pax7;RFP;d2EGFP_Emb5_10,19.169,42.938,823.073,15973.000
286,A-slice:0087-1125:c:3/3 z:4/6 - 20210121_BRE;H2Bd2EGFP_Pax7;RFP;d2EGFP_Emb5_10,29.526,487.791,14402.562,279504.000
287,A-slice:0088-1167:c:3/3 z:4/6 - 20210121_BRE;H2Bd2EGFP_Pax7;RFP;d2EGFP_Emb5_10,16.283,25.025,407.491,7908.000
288,A-slice:0089-1174:c:3/3 z:4/6 - 20210121_BRE;H2Bd2EGFP_Pax7;RFP;d2EGFP_Emb5_10,10.615,38.388,407.491,7908.000
289,A-slice:0090-1192:c:3/3 z:4/6 - 20210121_BRE;H2Bd2EGFP_Pax7;RFP;d2EGFP_Emb5_10,25.404,45.434,1154.198,22399.000
290,A-slice:0091-1195:c:3/3 z:4/6 - 20210121_BRE;H2Bd2EGFP_Pax7;RFP;d2EGFP_Emb5_10,25.455,39.696,1010.484,19610.000
291,A-slice:0092-1207:c:3/3 z:4/6 - 20210121_BRE;H2Bd2EGFP_Pax7;RFP;d2EGFP_Emb5_10,43.284,136.951,5927.845,115039.000
292,A-slice:0093-1219:c:3/3 z:4/6 - 20210121_BRE;H2Bd2EGFP_Pax7;RFP;d2EGFP_Emb5_10,35.607,324.619,11558.573,224312.000
293,A-slice:0094-1289:c:3/3 z:4/6 - 20210121_BRE;H2Bd2EGFP_Pax7;RFP;d2EGFP_Emb5_10,34.627,31.811,1101.535,21377.000
294,A-slice:0095-1311:c:3/3 z:4/6 - 20210121_BRE;H2Bd2EGFP_Pax7;RFP;d2EGFP_Emb5_10,30.608,18.843,576.764,11193.000
295,A-slice:0096-1353:c:3/3 z:4/6 - 20210121_BRE;H2Bd2EGFP_Pax7;RFP;d2EGFP_Emb5_10,25.661,45.486,1167.235,22652.000
296,A-slice:0097-1415:c:3/3 z:4/6 - 20210121_BRE;H2Bd2EGFP_Pax7;RFP;d2EGFP_Emb5_10,12.522,348.576,4364.712,84704.000
297,A-slice:0098-1421:c:3/3 z:4/6 - 20210121_BRE;H2Bd2EGFP_Pax7;RFP;d2EGFP_Emb5_10,13.243,406.412,5382.101,104448.000
